text,label
i am still waiting on my card,2
what can i do if my card still hasnt arrived after 2 weeks,2
i have been waiting over a week is the card still coming,2
can i track my card while it is in the process of delivery,2
how do i know if i will get my card or if it is lost,2
when did you send me my new card,2
do you have info about the card on delivery,2
what do i do if i still have not received my new card,2
does the package with my card have tracking,2
i ordered my card but it still isnt here,2
why has my new card still not come,2
i still havent received my card after two weeks is it lost,2
can you track my card for me,2
is there a way to track the delivery of my card,2
its been a week since i ordered my card and its not here please help,2
will i be able to track the card that was sent to me,2
i dont have my card in 1 week should i be worried,2
how do i know when my new card is going to arrive,2
my new card has not been delivered to my home yet what is going on,2
its been a week since you issued me a card and i still didnt get it should i keep waiting,2
on the card that is coming whats the tracking info,2
what is the status of my cards delivery,2
have you sent out my card yet,2
my card isnt here yet,2
where is my new card,2
its been a week since you sent my card and i still dont have it,2
how do i track the card you sent me,2
when will i recieve my new card,2
when will i get my new card,2
what is the expected delivery date for my card,2
is there a tracking number for the card you sent me,2
i would like to track the card you sent to me,2
has my card been lost in delivery,2
my new card hasnt came in,2
where is the card i ordered 2 weeks ago,2
can i get an update on my replacement card,2
how long does it take for a new card to ship,2
whats the tracking on the card you sent,2
i havent received my card and am worried it is lost,2
my card still hasnt been delivered,2
i need to find out where the card is that i ordered,2
where is my credit card that was to be mailed,2
i ordered my card but it hasnt been delivered yet,2
am i able to track the card that was just sent to me,2
can you tell me why i havent received my new card,2
im still waiting for my new card,2
is my card lost i am still waiting for it to be delivered,2
should i keep waiting for my card to be delivered,2
can i track when my card will be delivered,2
how can i check on the status of my new card,2
a card has been sent to me how do i track it,2
is there a way i can get my card expedited,2
what can i do to track the card you sent me,2
why hasnt my card come in yet,2
how can i periodically check the delivery of the card you sent,2
whats the reason my new card hasnt come,2
how long does it take for me to get my new card,2
i dont have my card after 1 week what are my next steps,2
i know im getting a new card but would like know when i can expect to receive it,2
i want to find out what happened to my new card,2
was there a way for me to get tracking for that,2
i am still waiting for my card,2
my card hasnt arrived,2
can i track the card you sent to me,2
i havent gotten my new card,2
how long should it take for my new card to arrive in them mail what should i do if i never receive it,2
will i have to wait much longer for my new card to arrive,2
how to track the card you sent,2
2 weeks ago i ordered my new card it isnt here what should i do,2
how can i check on the delivery status of my card,2
my card has not been delivered yet and its been a week since i ordered it please help,2
whats the expected wait time to recieve my new card,2
how can i see the progress of delivery of the card that was sent,2
my card was supposed to arrive but hasnt,2
i ordered a card and would like to know how to track the delivery progress of it,2
how long will it take for me to get my card,2
my card hasnt shown up yet,2
does the card you sent have a tracking number,2
my card hasnt arrived in the mail yet i ordered it two weeks ago what can i do,2
maximum how many days get the courier,2
is there a reason my new card hasnt arrived yet,2
ive been waiting a while for my card is there a way to know when it will arrive,2
how can i track my cards delivery,2
can i track the card that was just sent to me,2
if i ordered my new card last week how much longer should i wait to receive it,2
whats go on where is my new card,2
where is my new card if i havent received it yet,2
where is my card,2
can you tell me why i havent received my new card yet,2
is there a way to track my card,2
is there a way to track the new card you sent me,2
im still waiting for my card,2
what do i need to do to get my new card which i have requested 2 weeks ago,2
what is the solution of this problem,2
could i get tracking on the card,2
can you help me track my card,2
shouldnt my new card be here by now,2
is there a reason my new card hasnt arrived,2
i would like to track a card sent to me how do i do that,2
is there a tracking number for the card,2
can you share card tracking number,2
i have not received my card and its been a week what do i do,2
is there a way i can check on the card on route to me,2
when will my new card arrive,2
why havent i received my new card yet,2
what is the expected delivery date of my card,2
my card hasnt came in the mail yet,2
i havent received my card,2
is it possible for me to track the card is was mailed to me,2
when will my new card be delivered,2
i was issued a card about a week ago why hasnt it come in yet,2
can you please tell me where my card is i ordered it 2 weeks ago,2
i still havent received my card in the mail,2
im still waiting for my card that was issued a week ago what should i do,2
i still havent gotten my new card when will it get here,2
do you have a tracking number for the card i was sent,2
how do i track the card you sent to me,2
is my new bank card on the way and is there a way to track it,2
could you send me and up date on the arrival of my card,2
how long does it take to recieve my new card,2
my card has not come in the mail yet,2
whats the card you sent mes tracking number,2
i havent got my card,2
why hasnt my card arrived yet,2
i thought i would have received my new card at this point,2
how long until my new card gets here,2
how much longer until i get my new card,2
am i able to track a card that has already been sent,2
is it possible to track the card you sent me,2
how long will it be to get this new card,2
how can i track card you sent,2
can the card was sen to me be tracked,2
why have i not got my new card,2
i need to track the card sent to me,2
its been two weeks and i havent gotten my card what do i do,2
i was expecting my new card by now,2
where is the tracking number for the card,2
i was issued a new card a week ago but still havent received it how long will it be until i receive it,2
can i track the card that you sent me in the mail,2
can you tell me if i can track the card you sent me,2
why have i not gotten my new card,2
im still waiting on my new card to be delivered,2
my new card isnt here and it was issued a week ago,2
i was supposed to receive my new card by now but it hasnt came in,2
is a tracking number available for the card that was just sent,2
why havent i gotten my new card,2
was there a number to track that i could get,2
how much longer is it going to take to get my new card,2
i havent gotten my credit card in the mail,2
my card hasnt arrived yet what do i do,2
my card still hasnt arrived after two weeks now what,2
my card appears to have never arrived,2
my card never arrived,2
what is my money worth in other countries,4
will my money be of equal value when i travel abroad,4
do you know the rate of exchange,4
what foreign exchange rate will i get on weekdays and on the weekends,4
what is the exchange looking like,4
how is the exchange rate doing,4
i would like to know how exchange rates are calculated when transferring funds,4
i would like to know what exchange rates you use,4
if i need to cash foreign transfers how does that work,4
do you know what your exchange rates are,4
how do i know what exchange rate i will get,4
what are you exchange rates,4
do you have the best exchange rate,4
where can i find your exchange rates,4
your exchange rates come from where,4
i need to know what your exchange rates are,4
whats the process for exchanges,4
what do you think of the exchange rate,4
how are exchange rates calculated at this bank,4
what do you use to figure out the exchange rate for the card,4
whats the foreign exchange rate i will receive,4
i need to know what foreign exchange rate i can get,4
what are the current exchange rates,4
what exchange rate will i receive,4
what is the basis of your exchange rates,4
hows the exchange rate,4
how do you determine your exchange rates,4
how do the foreign exchange rates work,4
where are you getting your exchange rates from,4
how is the exchange rate calculated,4
im interested in what your exchange rates are based on,4
how do you decide what the exchange rates are,4
what is the current exchange rate,4
what is the formula for your exchange rate,4
what method do you use for the exchange rate,4
what are interbanks current exchange rates,4
from where are coming your exchange rates,4
how do you calculate exchange rates,4
why is your exchange rate different on different days,4
where can i find the exchange rate for my transfer,4
where can i get your exchange rates from,4
how do you find the exchange rate,4
how are exchange rates determined,4
what value can i get for my currency,4
please explain your exchange rate policy,4
what are your exchange rates calculated from,4
what is an exchange rate,4
what is your opinion on the exchange rate,4
what are the exchange rates you assign,4
how do you determine exchange rates,4
how are your exchange rates calculated,4
how is an exchange rate calculated,4
when exchanging how much are the rates,4
what is the exchange rate for eur,4
how can i find your exchange rates,4
could you please tell me your exchange rates,4
is there an exchange rate,4
how does the exchange rate work,4
what is the present state of the exchange rate,4
how are foreign exchange rates determined,4
hows the exchange rate looking right now,4
please explain the exchange rates,4
what is the foreign exchange rate you will apply,4
explain the interbank exchange rate,4
what will my exchange rate be,4
how do you get exchange rates,4
what exchange rates do you use,4
how will i know what the exchange rate is,4
what factors effect the exchange rate,4
where does the exchange rate stand right now,4
id like to know what the foreign exchange rate will be,4
does the exchange rate change,4
how do your exchange rates factor in,4
will i know which exchange rate i will get,4
how do i know what the exchange rate will be when i make an exchange,4
is the exchange rate the same on weekends as the weekdays,4
how do you do exchanges,4
on what do you base your exchange rates,4
how do you come up with your exchange rate,4
what factors determine your exchange rate,4
how are the exchange rates determined,4
i would like to know what your exchange rates are,4
is the exchange rate current,4
what are the exchange rates,4
how much are the rates of exchange,4
how do you decide what your exchange rates are,4
your exchange rates are coming from where,4
is there a specific source that the exchange rate for the transfer im planning on making is pulled from,4
how are the exchange rates for transfers calculated,4
how do i know how much money i will have when i travel abroad,4
how do you do currency exchanges,4
can you explain your exchange rates basis,4
how did you guys get your exchange rate,4
can you tell me your exchange rates,4
could you tell me what your exchange rates are,4
does this app have the same exchange rate as third parties,4
what are your exchange rates at,4
how is the current exchange rate,4
what is the system for determining the exchange rate,4
i am travelling and i was wondering what your exchange rates are,4
how can i tell what foreign exchange rate i will get,4
tell me your opinion on the exchange rate,4
id like to know what you guys look at to decide an exchange rate,4
how does the exchange rate work on this app,4
where do you find your exchange rates,4
i want to know your exchange rates,4
what exchange rate is it,4
what is the source of your exchange rates,4
i need to know about exchange rates,4
where do you get those exchange rates,4
how do you determine the exchange rate,4
what foreign exchange rate will i get,4
has there been any activity on my card today,5
i lost my wallet and all my cards were in it,5
im panicking i lost my card help,5
i need to report a stolen card,5
how do i replace a stolen card,5
can you provide information for freezing my card immediately,5
whats the phone number to freeze a card,5
i cant find my card can you help,5
hi i am on vacation in spain and someone stole my bag with my phone and wallet with cards and everything can you block it asap and then i want to order a new one also asap,5
help i lost my card,5
my card is missing please help,5
i think that my card has been stolen,5
my card was stolen,5
a fee shouldnt apply to me if my card was stolen,5
my card has been stolen i reported it with the police but i need to report it with you as well,5
can you tell me the status of my new card,5
my card has been stolen what do i do,5
i cant find my card it is lost,5
my card is lost please help me,5
i believe that my card has been stolen,5
what should i do if i think my card was stolen,5
can you send me a new card and block my current one im in spain and my wallet was stolen,5
i thought i left my card at a restaurant but they claim not to have it and now i dont have any idea where it is im so worried that someone might be using it fraudulently is there any way to look into this,5
my bag got stolen with all my cards can you please cancel my card and send a new one,5
i think my card is stolen,5
help i fear that my card was stolen,5
someone stole my card,5
are you able to guide me to my cards location,5
how can i report that my card was stolen i made a police report first,5
my card is missing help,5
my wallet was stolen along with my cards how do i put a freeze on my cards and order a new one,5
could you please freeze my card immediately,5
i need help i lost my card,5
what can i do if i lost my card,5
i think that the card is stolen what are my next steps,5
what do i do if my card is stolen,5
my card is stolen help,5
i lost track of my card,5
report stolen card,5
help my card is stolen,5
my card was lost on vacation i dont know where it is can you help me take care of this immediately,5
i have lost my card what is my next step,5
my card has been lost help,5
what do i do if my card has been lost or stolen,5
help me i lost my card what should i do,5
someone stole my wallet with my card in it while vacationing in spain i really need my card blocked and a new one ordered,5
who can i speak with regarding a lost card,5
my card has gone missing,5
oh my god i lost my card what should i do,5
i cant find my card what should i do,5
what is the first step that i should take after my card has been stolen,5
i seem to have lost my card,5
my card was stolen what do i need to do,5
someone took my card without permission,5
i lost my card n need a new one,5
my card has been lost stolen,5
i misplaced my card and i dont know where the last place is where i used the card last can you look at my account and tell me the last place i used the card,5
please help me my card is missing,5
i lost my card what do i do now,5
i need to order a new card as my other one was stolen,5
i think someone stole my card because i cant find it,5
what are the steps i need to do if i have a stolen card,5
i cant find my card,5
i think my card is lost what do i do,5
what should i do if my card is stolen,5
how do i deactivate a stolen card,5
i want to block my card or deactivate it or something its been stolen and i dont want it misused i want this handled right away,5
someone took my card without my permission,5
need help with a stolen card,5
help lost my card,5
what do i do if my card was stolen,5
i think my wallet fell out on the tube today i realized as soon as i got to my desk how do i cut off the card,5
my card is missing,5
how do i report my card as lost or stolen,5
is there any way for you to find my card,5
ive lost my card what can i do about that,5
i left my card at a restaurant and now its missing,5
can you help me retrieve my card,5
i lost my card can you help me,5
what should i do my card has been stolen,5
my card was stolen last night,5
could you assist me in finding my lost card,5
i want to open an account for my children,1
how old do you need to be to use the banks services,1
whats the minimum age to have an account,1
can my children open an account,1
how old do i need to be,1
what are age requirements for opening an account,1
is there any age limit,1
we want to start a college fund for my daughter,1
hold old do my kids have to be to use the service,1
can i start an account for my kids,1
how old does my daughter have to be to open an account,1
what is minimum age for an account,1
what is needed for my daughter to open an account,1
what about my children,1
what is the process for setting up and account for my child,1
is there an age limit to open an account,1
how old do my kids have to be use this,1
can i make an account for my kids,1
id like to open an account for my kids can i do that,1
would it be possible to open up an account for children,1
do you have any age limit,1
if i want my son to have his own account is that possible,1
could i open an account for children,1
what does my daughter need to open an account,1
can my children get an account,1
what is the age limit for an account,1
what age do you have to be,1
what is the appropriate age for my child to be able to open an account,1
how do i open an account for my children,1
what are the requirements to open an account for a minor,1
are there age requirements,1
is there an age limit for opening an account,1
can my 8 year old grandson open an account at the bank,1
what is the minimum age required to open an account with your service,1
if i want to get an account for my daughter can i do that,1
how old do you have to be to open an account,1
i have young kids can they use this service,1
do you have an age limit,1
how old do you have to be,1
could my daughter open an account,1
can i open an account for my children,1
what would the age limit be,1
what are the age requirements for service,1
i am 16 and just started working at mcdonalds can i deposit my checks at your bank,1
is there a possibility to open an account for my sons and daughters,1
is there an age limit to get an account,1
what is the age limit for opening a new account,1
is my daughter eligible to open an account,1
how do i set up an account for my children,1
may i get an account for my daughter,1
what is the minimum age limit,1
how old must i be to open an account,1
what is the age limit,1
can my children have an account,1
is there any way i could open an account for my daughter,1
can i get an account for my daughter,1
how old do you need to be to open an account,1
do you offer account services for children and teens,1
from which age can my kids use your service,1
what is the youngest age for an account,1
i have kids and im curious at what age could they start to use your service,1
at what age can i open an account,1
id like to open an account for my children how can i do that,1
can i open up an account for my child,1
is there a limit for age,1
how can i open an account for my children,1
do you have a children account available,1
at what age can my children use your service,1
i want to open an account for my child,1
at what age can a person open an account,1
how old do kids have to be to open an account,1
what is your age limit,1
how old do my kids need to be to use your service,1
i would like to get an account for my child,1
would i be able to open an account for my daughter,1
can my teenager have an account,1
what age do you have to be to open an account,1
how old do my kids need to be to open an account,1
as my kids get older are they able to get set up with their own accounts,1
is there an age limit to when my child can use these services,1
how many years old do i have to be,1
do you have a limit for someones age,1
do you have any accounts for children,1
can my daughter make an account,1
i need to set up an account for my daughter how would i do that,1
how old can one use your service,1
do you have to be 18 to make an account,1
would i be able to get an account for my child,1
can i get an account for my son,1
do i have to be 18 to open an account,1
am i allowed to get an account for my daughter,1
my daughter needs to open account,1
can i open an account for my offspring,1
do you offer accounts for minors,1
what are the age limits for your service,1
how old do you need to be to have an account,1
how old does my daughter need to be to have her own account,1
my son has just turned 13 is he old enough for an account,1
do you guys have any age restrictions,1
is there a minimum age for having an account,1
how old does one need to be,1
my daughter needs an acount,1
what is the age requirement,1
is there a certain age i need to be,1
is my child too young to sign up,1
am i able to open an account for my children,1
can i make an account for my daughter,1
whats the youngest i can be to open an account,1
do you have an age requirement when opening an account with your service,1
is it possible for me to set up separate accounts for my kids,1
help me i dont know what my password is,6
i thought i knew my password but i guess i was wrong what can i do now,6
i am unable to access my app due to forgetting my passcode,6
i cant recall my password,6
what should i do if i dont know my password,6
need a new passcode,6
i cant log in with this passocde,6
i forgot my passcode now what,6
what are the steps to reset my passcode,6
where do i go to reset the passcode,6
i am unaware of what my password is,6
i cant remember my passcode,6
i forgot my code,6
help me the passcode doesnt work,6
the passcode isnt working for me,6
is there a way to recover my password,6
can you lookup my password,6
what is my password,6
i forgot my password to get into the app,6
why doesnt my passcode work,6
i happened to forget my password,6
i forgot the passcode on my app,6
i seem to of forgotten my passcode,6
i do not understand why my passcode is not working,6
my passcode wont work,6
how do i reset my passcode,6
not sure what my password is,6
how to recover my passcode,6
i dont remember my login code,6
i need a new login code,6
help i forgot my password,6
i happened to forget my passcode,6
what is going on i have entered my passcode and its not working,6
passcode retrieval,6
my passcode is not being accepted,6
i would like to better understand why my passcode is not working,6
i cant find my code,6
my password doesnt work,6
my passcode was denied,6
i dont know the code for the app,6
i cant remember my password,6
please help me i dont know my code to get into the app,6
i used to know my password but not anymore,6
ive forgotten my passcode can i reset,6
i am entering my passcode but getting an error,6
i dont remember my password,6
where can i get a new passcode,6
what are the steps for changing my passcode,6
i lost the code and can not get into the app help,6
i think my passcode was changed,6
how can i reset the passcode if i need to do that,6
i cant log into my account because i lost my password,6
what do i do if i cant access my passcode,6
the app passcode has completely slipped my mind,6
can you help me reset my passcode i forgot it,6
how do i change my passcode,6
i cannot remember my passcode,6
i dont have a password,6
where do i go to reset my passcode,6
what do i do if i forgot my passcode,6
ive completely forgot the code to get into the app,6
how can i go about resetting my passcode,6
how can i change my password,6
is there a way to reset the passcode,6
i cant log in,6
help ive forgot my app passcode,6
i need to reset my passcode this one isnt working,6
i dont remember my passcode,6
what do i do if i have forgotten my passcode,6
can you tell me my code to get into the app,6
i cannot remember my passcode is there a way to retrieve it,6
what should i do if my passcode wont work,6
i have forgotten my passcode,6
can my password be reset if i do not have it,6
i cant access my account,6
lost password,6
im locked out of my account as i cant remember my code what do i do now,6
disaster ive totally forgotten my passcode can you help me,6
i want to reset my passcode how can i do that,6
i tried entering my passcode and it isnt working can you help,6
i cant get into the app with the passcode,6
for some reason i forgot the passcode i have,6
ive forgotten my app passcode completely,6
how do i reset my password,6
i lost my passcode,6
i dont know my password anymore,6
instruct me how to reset the passcode,6
i cant remember what my password is,6
i need to reset my passcode where do i go to do that,6
how can i reset my passcode,6
how do i get the passcode reset,6
can someone please help assist me by explaining to me why my passcode is not working,6
i dont have my passcode to access the app,6
can i reset the passcode,6
are there directions to get a new passcode if i forgot mine,6
i need to reset the passcode,6
i cant enter my passcode,6
i think i forgot my passcode,6
i dont know my password,6
i forgot the code i need to get into the app,6
i dont know what my passcode is can you help,6
how can i reset my passcode,6
what can i do if my passcode wont work,6
i cant remember my app code can you reset it,6
can someone help with my passcode,6
how long does it take to get a refund on something i bought,7
please tell me how to get a refund for something i bought,7
can i cancel this purchase,7
i want to return an item for a refund can i do that,7
can i request a refund,7
i am not sure how this will work but i have not received a product i ordered i want a refund but should i just cancel the payment,7
where do i go for a refund,7
im interested in learning more about product refunds,7
do you offer refunds i would like to return purchase,7
whats the procedure for canceling a purchase,7
i need to cancel a purchase that i made the other day,7
hello how do i go about getting a refund of an item i bought i want to cancel the payment since i have not received the item yet,7
i need a refund and cancel a transaction on an item i purchased and i need it as soon as possible please,7
i bought the wrong size and would like a refund,7
i want to know about your refund policy,7
can i cancel an order if i havent received the item yet and how can i get my money back please help thanks,7
hey i want to get a refund on something i bought but not sure how to go about it can you please just cancel the payment i have not received the item yet,7
i am quite aggravated that i ordered online almost a month ago and i never got my package and i paid for it i would really appreciate it if i could get a full refund back now,7
my statement has a charge that shouldnt have been made,7
my product hasnt arrived even though i ordered it a while ago i want a refund,7
is there a way you can have money from a purchase i made refunded to my account,7
ive changed my mind on an item how do i get a refund,7
i decided i no long want something that i ordered and want a refund how do i go about doing that,7
how do i get a refund for something i bought,7
i made a purchase recently but i have decided that im not buying it and i need to receive my money back can you please give me a refund asap its extremely urgent,7
please help me get a refund,7
what is the refund policy,7
i just bought an item and changed my mind i have not received it yet how can i get refunded thank you,7
are refunds allowed for certain items,7
i need to cancel a purchase,7
i have an incorrect charge and would like a refund,7
i want a refund on the things i bought,7
i would like my money back for an item i purchased,7
please could you give me a refund,7
if i bought something i didnt like can i get a refund,7
i bought something that i need a refund for,7
i want to cancel a purchase,7
am i able to get a refund for something i bought,7
my order hasnt shown up yet what can i do,7
my package is taking too long to arrive and i dont want it anymore can i get a refund,7
i would like to cancel my order,7
i want this fee reversed from my account,7
i want a refund,7
id like to discuss an order i placed quite a long time ago i have yet to receive it and am growing upset i want a refund as i now refuse to pay for the product,7
i ordered something online a while ago and i havent gotten it i would like a refund,7
i received the wrong color and size can i return it,7
is it possible to get a refund,7
whats your refund policy if i bought an item from you,7
i want to cancel my purchase,7
can i get an item refunded,7
please help i need a refund on a transaction on something i bought and i need the refund right away,7
i purchased this item and would like a refund,7
hello i changed my mind and really need a refund on one of things i bought recently can you please cancel the transaction and get me my money back pls its urgent,7
how can i get a refund for an item i purchased but has not yet arrived,7
can you please assist on my item that needs to be refunded,7
i didnt enjoy my tutor session and want a refund back how do i go about doing this,7
i would like to cancel my previous purchase,7
can you please refund my item,7
i made a purchase and would like to get a refund for what i bought can you have the money put back in my account,7
hey i ordered a thing but changed my mind and want a refund on it since i havent received the thing would you just go ahead and cancel the payment for me,7
can i have my money refunded for an item,7
what do i need to do for a refund,7
i am interested in cancelling a purchase,7
its been over a month and i still havent received my goods i ordered a pencil for crying out loud its not that hard to deliver that im done with these people give me a refund immediately ill search for my japanese exclusive pencil elsewhere,7
how do i get my money back for something i bought,7
hi need your help for getting the refund or cancel the payment of an item i have ordered but still have not received it,7
i need your help to get a refund for an item i just bought can you cancel the payment since what i bought hasnt arrived yet,7
how do i reverse a transaction on my account,7
am i able to get a refund for a purchase,7
i need a refund for something i bought,7
i want a refund for my item,7
can i receive a refund for an item i purchased,7
give me a refund,7
i want a refund on this,7
is it possible to have an item refunded,7
i made an online purchase and the order has not shown up give me my money back,7
what is the refund procedure,7
hello i changed my mind and really need a refund on something i bought recently can you please cancel the transaction and get me my money back please its urgent,7
how do i begin the process of a refund,7
i bought something and want the money refunded can i get some help with that,7
what is your refund policy for products i have purchased,7
i would like to receive a refund for something i bought,7
my product was faulty,7
i need a refund this is not what i wanted,7
i bought something online a week ago and i never got it in the mailcan i just get my money back now i dont want to keep waiting on something that isnt going to show up,7
can i get a refund on an item,7
i think i deserve a refunded on a certain item,7
i bought a product a week ago but may need to return it,7
i would like to cancel my purchase,7
hello i recently ordered an item and i need help with cancelling and processing a refund as soon as possible its very important that i get my refund quickly,7
i would like to cancel a purchase,7
i ordered online weeks ago and i never received my package in the mail and i dont want to wait any more so if i could get my money back now that would be great,7
can i have the item refunded,7
i did not get the item i ordered how should i go about this should i just cancel my order or my payment please help me,7
it has been forever ago that i made an order online the product simply is not coming just give me back my money because im not paying these people,7
i want a refund but i havent received the item yet can i cancel it and get my funds back how do i do that,7
im going to cancel a purchase,7
am i able to return an item for a refund,7
how do i go about getting a refund,7
how can i get a refund for something i just bought,7
do you give refunds,7
tell me how to get a refund for something i bought,7
i dont want to buy this car anymore can i cancel the transaction and get a quick refund back,7
id like to get a refund for something i bought is that possible,7
i changed my mind on something i purchased through you and i need the transaction canceled and a refund as soon as possible can you help me please,7
is it possible to get a refund for something i purchased,7
i want to get a refund,7
how do i request a refund,7
how do i get my refund back,7
would i be able to refund an item,7
i want my purchases cancelled,7
how can i get a refund for a purchase,7
i need to refund my item can you please help,7
how do i get a refund for an item i bought,7
how can i get my money back on an order i havent gotten the item yet so i want to cancel the order how,7
do you have a return policy,7
i am unhappy with an item i bought how do i get a refund,7
i would like to report an issue with my product and want to get it refunded,7
ive been waiting for something that ive ordered for months now and it still hasnt arrived i genuinely dont know what this company is doing but put plainly ive had enough please issue a refund immediately i would not like to waste anymore of my time on these people,7
how can i go about getting a refund,7
the product is not working can i get a refund,7
my order needs to be canceled,7
give me back my money im not paying the sellers it has been a long time ago that i made an order and it just isnt coming,7
i ordered something and now i have buyers remorse since what i ordered hasnt come yet can you just cancel the payment since i already know i want a refund for it,7
can i return an item,7
i need my purchase cancelled,7
how do i cancel a purchase,7
i would like it if i could get an item refunded,7
i bought an item and now i want a refund,7
i need to cancel a payment something i purchased a while ago still has not arrived and im not going to pay them if they wont send me what i purchased,7
i would like to return my purchases,7
what is the refund process,7
can you please help me in canceling my order,7
can you refund my purchase,7
i just bought an item and would like to stop payment is this possible the item has not been received yet,7
hello i have recently made a purchase and have decided to cancel my purchase is there any way that you can cancel that transaction for me so i can get the money back its very important,7
i have not received an item i ordered yet so i want to cancel it and get a refund can you please guide me on how to go about it,7
i bought something and now i want a refund,7
canceling my order is what i need to do right now,7
are purchases returnable for full refund,7
i want to talk about an order that i placed a long time ago and have yet to receive i demand a refund due to lack of delivery of the product i refuse to pay for something i never got,7
i need this item refunded,7
its been some time ago that i placed an order and it just isnt coming at this point just give me back my money because im not paying them,7
hellocan you please help me get a refund from this merchant i ordered a product and would like to return it i have been unsuccessful in getting the merchant to return my request for the past several days i understand it can take up to 45 days to process the dispute and issue a refund however if this can be expedited faster it would be very helpful to me,7
i need to have an item refunded,7
i want a refund for an item,7
how do i return something for a full refund,7
i did not receive my purchase how do i cancel it,7
how does on apply fora refund on an item he ordered i ordere an item and have not received it yet so i want to cancel it and get a refund,7
is it possible to get a refund for the item,7
can you help me process a refund,7
is it possible to refund an item,7
i just bought an item and would like to stop payment can you tell me if the item has been sent yet,7
i havent received my order and want a refund,7
hello i changed my mind and want a refund on one of things i bought recently can you please cancel the transaction and get me my money back please its urgent,7
i would like my refund for this item i bought,7
can i get my money back on an item,7
i would like to retract my purchase,7
i would like to get an item refunded,7
hello id like to inform you of an issue im currently experiencing the goods i have ordered from your website have still not arrived yet it has been over 3 weeks i would like to be issued a refund swiftly and be redirected to more competent people thank you for your assistance,7
what is the return policy,7
im cancelling this charge i still have not received what i bought from these people a while ago,7
can i get a refund,7
can i have a refund for one of your products,7
can i exchange an item for a refund,7
i want to have an item refunded can i do that,7
can you explain your refund policy please,7
how do i receive a refund for my item,7
i no longer want this can i cancel my purchase,7
how do i deactivate my account,8
remove my account immediately,8
are you able to delete my account,8
how do i discontinue my account,8
please delete account,8
i need you to delete my account now,8
i would like to delete my account now please,8
i would like to invalidate my account i am very disappointed with your services,8
i need to delete my account,8
can you delete the account,8
for god sake just delete my account i am sick of this,8
i need to delete my account please,8
unhappy with service need to delete account,8
this company is bad delete my account now,8
how do i shut down my account and get out of this company,8
how do i close my account,8
i want to shut down my account as soon as possible,8
cancel my account,8
help me close my account,8
i want to close my account due to poor customer service,8
i would like to close my account as im not happy,8
whats the process for terminating an account,8
what steps do i need to do to delete my account,8
how do i delete my account now,8
i want to cancel my account,8
i want to get rid of the account and delete personal information,8
if im not using my account should i close it or just let it sit,8
im not satisfied with the services and no longer want to be a customer,8
i am not satisfied with your company and wish to delete all accounts immediately,8
i want to delete my account,8
i am not happy with your company please delete my account asap,8
how can i close my account i dont want it,8
i am upset with your service please delete my account,8
i would like to cancel my account,8
i dont like the services please close my account,8
id like to delete my account,8
i want to stop my account,8
please delete my account immediately,8
how do i delete my account i am dissatisfied with the service,8
this place has been too much work so id just like to close out my account be done,8
do i have to talk to someone to close an account or can i in the app,8
i want to close my account now,8
your company is awful i would like to delete my account please,8
i hate this company can you delete my account,8
i am asking to end my account,8
i want to delete my account how do i do this,8
i am not happy with your service and request that my account be terminated,8
i want to terminate my account,8
how can i delete my account,8
i want to end my account,8
delete my account now please,8
help me terminate and close my account,8
your company is lame shut down all my account services right now,8
i am not satisfied with your company close my account,8
how do i terminate my account,8
how to i close my account,8
i need to terminate my account,8
im not happy with the services im getting with this company can you please delete my account,8
i want to close my account the service you provide is unsatisfactory to me,8
delete all of my account information and my account right now,8
i want to close my account i will never do business with you again,8
what are the steps to finishing up with this account,8
help me delete my account i am not satisfied with the service,8
can you close my account please,8
what do i do to close my account,8
i need to terminate my account immediately,8
how can i close my account,8
i dont want this account anymore how do i delete it,8
please delete this account,8
i want to inactivate my account,8
i no longer want to keep this account,8
i am trying to delete my account,8
where do i go to terminate my account,8
im not happy with service and would like to delete this account,8
please delete my account now,8
i would like to terminate my account,8
how do i cancel my account,8
how to delete account not happy,8
how do i close my account since im dissatisfied,8
make my account go away,8
please help me delete this account,8
i would like to delete my account im not happy with the service youre providing,8
terminate my account please,8
your service is bad close my account,8
im dissatisfied with the service and would like to terminate the account,8
i am looking to delete my account im not happy with the service provided by you,8
i wish to remove my account,8
close down my account i dont like your service,8
i am very dissatisfied with the services that you are providing i want to cancel my account,8
i need you to delete my account right now,8
i want to deactivate my account,8
this is terrible i want to delete my account,8
id like my account to be deleted im not satisfied with the service you provide,8
is it possible to delete the account,8
i need to close my account your company is terrible,8
tell me how to delete my account,8
please delete my account and personal information,8
im not happy i want to close my account,8
delete my account please now,8
the service here is horrible i want to delete my account,8
how do i delete an account,8
can you please disable my current account,8
the company is no good please terminate my account,8
i am dissatisfied i would like to close my account,8
im not satisfied with the services that you are providing i would like to end my services and delete my account,8
i need to close my account as soon as possible,8
i am not satisfied with your service close my account,8
i no longer want this account what should i do,8
how long am i to wait before the transfer gets to my account,9
will the transfer show up in my account soon,9
what time will a transfer from the us take,9
when will the money reach my account,9
how long does it take to get my money,9
when does my transfer from the us arrive in my account,9
i desperately need to transfer something from china please give me the wait time,9
i am yet to receive the money in my account how long will this take,9
does a us transfer take long,9
how long will this transfer from europe take,9
will i see the transfer in my account within the week,9
how long should i have to wait before i see the transfer in my account,9
when will my transfer post to my account,9
how long does a european transfer take,9
how many days do i have to wait for the transfer to reach my account,9
i am waiting for the money to enter my account how long does it take,9
how long will an urgent transfer from china take,9
how long do transfers from europe take,9
i have to quickly transfer something to china how long will it take to arrive there,9
how long will i have to wait for my money to be in my account,9
in the us how long is the wait for a transfer,9
where is my money transfer,9
how long does a transfer take to reach ones account,9
wheres the money from my transfer from europe,9
how long will a transfer from europe take,9
there is an urgent thing that i need to transfer from china approximately how long will it take,9
i need to transfer funds from china and quick expedition is crucial approximately how long does it take for a transfer from china to go through,9
how long will a transfer from the us take,9
how long do i wait for a transfer from the united states,9
what is the timeframe for a transfer in europe,9
how long do i have to wait for a us transfer,9
i have been waiting for my transfer shouldnt it be here already,9
how fast can i transfer something from china,9
my bank is in europe how long will the transfer take,9
i urgently need to transfer something from china how long can i expect it to take,9
how many days does it take for a transfer to go through,9
when will the money show in my account,9
what is the average wait for transfers,9
how long until the transfer is reflected on my account balance,9
how long do i have to wait for europe transfers,9
when can i use money sent to my account,9
how long does a transfer from the us take,9
how long is the transfer,9
ive made a transfer how long until the money reaches my account,9
im waiting for a transfer from the us how much longer,9
what is the estimated time on an urgent transfer from china,9
can you please tell me how long it takes for the transfer to be available,9
can i quickly send a transfer from china how long will it take,9
what is the wait time until money reaches my account,9
how long does it take for a transfer to show up in my account,9
when will my transfer be in my account,9
how long does it take in europe to do a transfer,9
whats the wait time for european transfers,9
what is the time period for money to be transferred,9
when can i expect money to be transferred to my account,9
how long does it take to transfer from china is there a way to transfer it quickly i need it urgently,9
i need to transfer something to china it is urgent how many days will it take to get there,9
i need quickly transfer something from china about how long will it take,9
i need a quick transfer from china how long would that take,9
how long until transfers from europe go through,9
i have a transfer from the us how long is the wait,9
how do i transfer something faster than normal,9
i need to transfer something from china how long will it take,9
its been a couple days how much longer do i have to wait for my transfer,9
when can i expect the transfer to be complete,9
how long do european transfers take,9
why hasnt the transfer shown up in my account yet,9
when will the money from a transfer be made available on my account,9
how long does it take for a transfer to be in my account,9
if i need to transfer something quick from china how long does that take,9
i just did a transfer but dont see the money in my account whats up,9
how quickly can i transfer something to china,9
how long will it take the money to appear in my account,9
how fast are transfers from europe,9
i need to make a transfer from europe how many days does this take,9
what is the longest a us transfer should take to appear in my account,9
i need to urgently transfer something from china how long will it approximately take,9
i need to transfer something asap from china how long will it take to post to my account,9
how long will it take for the money to reach my account,9
when will my transfer from the us get here,9
i transferred money from the us how long does it take,9
i need some money transferred asap how long does the process take,9
how long will a transfer take from europe,9
when can i expect my transfer to reach my account,9
what is the estimated wait time on a us transfer into my account,9
how long will it take to transfer something to china urgently,9
how long does it take transfers from europe to complete,9
i must make a transfer from china and it is urgent how long before the transfer is complete,9
when will my account receive the money,9
there is an urgent transfer i need to make from china how long will it take to get it processed,9
how long will a transfer from china take i need to transfer something from there,9
help i need to transfer something to china,9
its been 3 days how long will my transfer take to get to my wallet,9
how many days until my us transfer arrives,9
how long will it take to transfer something from china,9
i must quickly transfer something from china and i need to know how long it will take,9
how long does a us transfer take,9
how long will it take to transfer from europe,9
how long does it take for a transfer from europe to go through,9
when can i expect the transfer to arrive in my account,9
when will a transfer from the us post,9
im having money transferred from europe how long will this take,9
when will my money be in my account,9
will it take more than 3 days for my transfer to reach my account,9
what is the time frame for european transfers,9
when will i receive a transfer from europe,9
how long will it take to urgently transfer something to china,9
can i transfer something urgently from china how long does it take,9
how long does it take to get money from europe,9
whats the transfer time from europe,9
when will my transfer arrive from europe,9
estimated time arrival for transfers,9
what are the time frames for the money to be available in my account,9
how long does it take for the money to show up in my account,9
what is the time frame for transfers,9
if i get a transfer from europe how long until it is in my account,9
when will the money be made available in my account,9
how long does it take for a transfer to reach my account,9
what is the estimated wait time for transfers from the us,9
what is the length of time for money to reach the account,9
when can i expect a transfer from europe to go through,9
why hasnt my transfer from europe gone through,9
transfers from the us how long will the wait be,9
what is taking so long on my transfer from the us,9
how long does transfer from the us take,9
how long does a transfer transaction take,9
how long does it take to make an urgent transfer from china,9
money transfer help how long,9
is it possible for me to change my pin number,3
what are the steps to change my pin to something else,3
in what way can i change my pin and where do i need to be,3
can i change my pin at any cash machines,3
i need to make my card pin a different number,3
can i change my pin abroad,3
do i have to go to the bank to change my pin,3
if i want to can i set up a new pin,3
do i have to go into the bank to change my pin,3
can i change my pin at my local bank,3
if i wanted to change my pin how would i do that,3
if i want to select a new pin what do i do,3
how can i change my pin without going to the bank,3
do i need to speak to a representative to change my pin,3
can i pick a new pin,3
where can i update my pin number,3
can i change my pin remotely,3
i need to change my card pin,3
if i want to change my pin number can i directly from an atm,3
are there any specific cash machines that i have to go to in order to change my pin,3
can i change my pin at any atm,3
can i change my pin at an atm,3
can i change my pin without being physically present,3
can you tell me how to change my pin,3
i want to choose a new pin,3
is there a way yo change my pin,3
can i change my pin,3
do i need to go to a physical bank to change my pin,3
what cash machines will let me change my pin,3
do i need to go to an office to change my pin,3
which atms am i able to change my pin,3
can i change my pin without going to a bank,3
can my pin changed remotely without visiting a bank,3
which countries can i change my pin in,3
can i change my pin through the app,3
i want a new pin please,3
can i change my pin at a nearby atm when in spain i think someone saw my pin and i need to change it but am on vacation,3
please help me set up a new pin,3
i have been travelling overseas and i need to change my pin can you tell me how this is done,3
is there a location where i can change my pin,3
i am on vacation in spain and need to change my pin,3
how can i change my pin even though im out of the country in austria at the moment,3
can i change my pin in austria,3
can i change my in at all atms,3
im travelling abroad but ive run into a situation where i need to change my pin immediately can i do this from here,3
i must change my pin as soon as possible,3
i think my pin has been compromised what do i do,3
where do i need to go to change my pin,3
do i have to change my pin at a bank,3
can i change my pin on my phone,3
help me with a pin change,3
i want to change my pin do i need to be in a bank,3
how do i change the pin,3
where can i change my pin,3
change my pin,3
can you tell me where can change my pin,3
can i change my pin at a cash machine,3
is it possible to change my pin,3
i really need to know how to change my pin,3
is going to a bank only way to change my pin,3
how can i reset my pin,3
is it possible to change my pin if i am out of the country,3
how can i set a new pin,3
i think someone saw my pin and i am on vacation in spain can i change it locally at an atm,3
are there cash machines where i can change my pin,3
i cant freeze my account as i need the card as i am traveling how do i change my pin,3
how do i change my card pin,3
while on vacation in spain i think someone saw my pin and i now need to change it can i do this at an atm in spain,3
how do i go about changing my pin,3
am i able to change my pin at certain cash machines,3
your atm pin can be changed at any visa or mastercard atm with pin services certain countries dont support atm pin changes,3
i am on vacation in spain and think someone saw my pin when can i change it at a local atm,3
im on vacation in europe but i desperately need to change my pin can i do this from abroad,3
can i reset my pin,3
at what cash machines can i change my pin,3
i want to change my pin,3
what steps do i have to take to change my pin,3
i want to change my pin number from an atm is this possible,3
i would like to change the the pin on my card,3
im in austria right now but i really need to change my pin right now can i do this even though im in another country,3
how can i alteration my pin,3
i want to create a new pin,3
do i need to go to a physical bank to change my pin,3
may i change my pin,3
please help me change my pin,3
set a new pin please,3
can i change my pin online,3
how do i change my pin abroad,3
how can i change my rowlock,3
how can i change my old pin to a new one,3
changing my pin,3
can i get a new pin number at any atm using my card,3
please let me know how to change my pin,3
can i change my pin without going to a bank branch,3
tell me how to setup a new pin,3
can my pin be changed in any cash machine,3
can you tell me what i need to do to have my pin changed,3
am i allowed to change my pin anywhere,3
i want to replace my current pin,3
help me change my pin,3
are their certain cash machines where i can change my pin,3
which cash machines will allow me to change my pin,3
how can i change my pin help,3
do you know how to change my card pin,3
where do i go to change my pin,3
how do i change my pin while traveling,3
can i change my pin if i want to,3
what atms will allow me to change my pin,3
your card pin can be changed at any visa or mastercard atm with pin services excluding countries such as belgium luxembourg austria germany spain and france,3
do i have to go to an actual bank to change my pin,3
can i change my pin at atms if so what ones,3
can i change my card pin,3
which atms allow me to change my pin,3
is there a way to change my pin without having to go to the bank,3
tell me what atms allow me to change my pin,3
can i change my pin on holiday,3
what is the process to change my pin,3
please tell me how to change my pin,3
at what atm can i change my pin,3
if i am not in the country and i need to change my pin how can this be done,3
what do i have to do to change my pin,3
can i change my pin number at a cash machine,3
please help me with my card it wont activate,0
i tired but an unable to activate my card,0
i want to start using my card,0
how do i verify my new card,0
i tried activating my plugin and it didnt piece of work,0
how do i activate my card,0
can someone assist me with activating my card,0
my card needs to be activated,0
i was unable to activate my card,0
is my card ready for use or does it need activated and if so how,0
help me activate my new card,0
do i need a photo id to activate a my new card,0
i just got my new card how do i activate it,0
can i have my card activated,0
i cant seem to activate card,0
it wont let me activate my card,0
i tried activation my card and it didnt employment,0
i want to use my card how do i activate it,0
activate my card,0
can i get some help activating my new card,0
is my card activated,0
i would like to activate my card,0
can i call to get my card activated,0
how can i activate my new card i didnt recieve any information with it about how to do so,0
how do i activate my new card i just got,0
will you be able to activate my card,0
can i get some help to get me card activated,0
i want to activate my new card,0
what would ii do if i wanted to activate my new card,0
what needs to be done to activate and use a card,0
can i activate my card,0
i need assistance activating my card,0
i need assistance with activating my new card,0
how do i get my card active,0
what do i have to do to activate my card,0
what is needed to activate my card,0
how can my new card be activated,0
can you activate my card pls,0
how do i turn on my new card,0
please assist me in activating the card,0
would you be so kind as to activate my card thanks,0
i tried activating my card and it doesnt work how do i solve this problem,0
can i activate my card with the app,0
i want to start using my card how do i activate it,0
what is the process to activate a card,0
hi would you please activate my card,0
what do i need for activation of my card,0
how do i activate my card so that i can start using it,0
i need my card activated,0
i would like to be assisted with the activation of my card,0
i just received my card and id like to activate it,0
can you assist me in activating my card,0
how do i activate my card to start using it,0
instructions for activating card,0
what do i need to do for the card activation,0
i am unable to activate my card it wont let me,0
when are you going to activate my card,0
i need to activate my card,0
how can i activate my new card,0
what do i do to activate,0
what steps do i have to take to activate my card,0
my new card just arrived how can i activate it,0
i am having trouble activating my card,0
my card is not able to be activated how do i get it to work,0
im not able to activate my card how do i fix this problem,0
i cannot activate my card,0
how can i activate the new card i got,0
how long should i wait ti activate my card,0
how do i activate a card,0
what is the procedure for activating this card,0
my card needs to be activated asap,0
what is the most efficient way to activate my new card,0
i couldnt complete card activation,0
who do i call to activate my new card,0
you can activate your card in a few seconds by going to account hitting activate and just following the directions,0
tell me what i need to do to activate my card,0
what is the process for activating a new card,0
my card activation is failing,0
i need to activate my card how is that done,0
i would like to activate my card what do i need to do,0
i have my card now how do i activate it,0
how long does it take to activate my card,0
how do i activate my card so i can start using it,0
explain the activation method for this card,0
can someone assist me with activating my new card,0
what is the process for activating my new card,0
i would like to have assistance with activating my card,0
tell me how to renew my new card,0
my new card came in how do i activate,0
how do i active this card,0
what are the steps to activate my card,0
i have a new card and need to activate it,0
i would like to get help from someone in your customer service department with assisting me with activating my card,0
what are the steps that i need to take to activate a new card,0
i tried activating my card and it didnt work,0
i need my card to be activated right now,0
what information do i need to gather in order to activate my card,0
what do i need to have with me to activate card,0
what am i going to need in order to activate my card,0
show me how to activate my card,0
i need more assistance with how to activate my card,0
can you tell me how i go about activating a new card,0
my new card needs activating,0
where do i activate my card,0
do you know the process how to activate my card,0
how can i make my card active,0
please help me with the activation of the new card,0
can you help me activate my card,0
my card activation attempt failed,0
i just got a new card and i want to know how to activate,0
would it be possible to activate my card,0
card activation steps,0
what is the process for activating my card and using it,0
i have a new card and i need to activate it,0
do i have to go somewhere to activate my card,0
what do i do to activate my new card,0
i just got a new card how do i get it to start working,0
i need assistance to activate the card on my account,0
i cant activate my card,0
my new card is here whats the process for activating it,0
where can i activate my card,0
how can i switch on my new card,0
with my new card how may i activate it,0
help me activate my card,0
how long does it take to activate the card as it does not look like its working,0
you can do that in just a few seconds go to account hit activate and follow the directions from there,0
card activation is not working what do i do,0
what identification is required to activate my card,0
i need to do a card activation,0
i want to activate my card how do i do it,0
i want to activate the card,0
i am planning activating my card was it possible,0
the activation process for my card isnt working,0
could you please tell me how to activate my new card,0
i need to actuate my card,0
i need info on activating my card,0
i would like my card activated,0
how can i make my card ready to use,0
can i use my new card,0
what steps do i have to go through in order to activate my new card,0
i have a new card how do i activate it,0
the activation process did not work please help,0
i just got my card and cannot get it to work,0
just received my replacement card what steps do i need to take to activate it,0
i want to use my card how would i activate it,0
how do i activate my new card,0
what are the steps to activate the card as it does not seem to work,0
i just got my new card how can i activate it,0
please assist me with activation,0
where do i go to activate my card,0
if you to to account hit activate and follow the instructions you can activate it in just a few seconds,0
is my new card activated,0
help my activate my card,0
i cannot seem to activate card,0
what do i need to do in order to use my card i just got,0
my new card has arrived whats the activation procedure,0
how can my new card be renewed,0
what is the proper way to activate a card,0
how do i activate my card that just arrived,0
